Request time,Counter,Last update time
4/12/2020 7:0:22,0,2020/4/11 20:53
4/12/2020 7:10:33,0,2020/4/11 20:53
4/12/2020 7:20:41,0,2020/4/11 20:53
4/12/2020 7:30:1,0,2020/4/11 20:53
4/12/2020 7:40:11,0,2020/4/11 20:53
4/12/2020 7:50:22,0,2020/4/11 20:53
4/12/2020 8:0:30,0,2020/4/11 20:53
4/12/2020 8:10:41,0,2020/4/11 20:53
4/12/2020 8:20:7,0,2020/4/11 20:53
4/12/2020 8:30:16,0,2020/4/11 20:53
4/12/2020 8:40:24,0,2020/4/11 20:53
4/12/2020 8:50:32,0,2020/4/11 20:53
4/12/2020 9:0:0,0,2020/4/12 08:56
4/12/2020 9:10:10,13,2020/4/12 09:01
4/12/2020 9:20:19,13,2020/4/12 09:01
4/12/2020 9:30:29,13,2020/4/12 09:01
4/12/2020 9:40:39,13,2020/4/12 09:01
4/12/2020 9:50:49,24,2020/4/12 09:42
4/12/2020 10:0:28,24,2020/4/12 09:42
4/12/2020 10:10:38,24,2020/4/12 09:42
4/12/2020 10:20:49,34,2020/4/12 10:16
4/12/2020 10:30:9,34,2020/4/12 10:16
4/12/2020 10:40:17,34,2020/4/12 10:16
4/12/2020 10:50:34,34,2020/4/12 10:16
4/12/2020 11:0:45,34,2020/4/12 10:16
4/12/2020 11:10:4,44,2020/4/12 11:04
4/12/2020 11:20:14,44,2020/4/12 11:04
4/12/2020 11:30:22,44,2020/4/12 11:04
4/12/2020 11:40:37,44,2020/4/12 11:04
4/12/2020 11:50:48,44,2020/4/12 11:04
4/12/2020 12:0:6,0,2020/4/12 11:59
4/12/2020 12:10:17,0,2020/4/12 11:59
4/12/2020 12:20:25,0,2020/4/12 11:59
4/12/2020 12:30:41,0,2020/4/12 11:59
4/12/2020 12:40:49,0,2020/4/12 11:59
4/12/2020 12:50:11,0,2020/4/12 11:59
4/12/2020 13:0:20,0,2020/4/12 11:59
4/12/2020 13:10:28,9,2020/4/12 13:00
4/12/2020 13:20:36,29,2020/4/12 13:13
4/12/2020 13:30:4,29,2020/4/12 13:13
4/12/2020 13:40:12,29,2020/4/12 13:13
4/12/2020 13:50:21,29,2020/4/12 13:13
4/12/2020 14:0:33,29,2020/4/12 13:13
4/12/2020 14:10:41,29,2020/4/12 13:13
4/12/2020 14:20:5,33,2020/4/12 14:18
4/12/2020 14:30:17,33,2020/4/12 14:18
4/12/2020 14:40:25,33,2020/4/12 14:18
4/12/2020 14:50:33,30,2020/4/12 14:45
4/12/2020 15:0:42,21,2020/4/12 14:57
4/12/2020 15:10:8,21,2020/4/12 14:57
4/12/2020 15:20:17,21,2020/4/12 14:57
4/12/2020 15:30:25,21,2020/4/12 14:57
4/12/2020 15:40:35,35,2020/4/12 15:33
4/12/2020 15:50:44,35,2020/4/12 15:33
4/12/2020 16:0:2,35,2020/4/12 15:33
4/12/2020 16:10:18,35,2020/4/12 15:33
4/12/2020 16:20:26,28,2020/4/12 16:16
4/12/2020 16:30:35,28,2020/4/12 16:16
4/12/2020 16:40:43,31,2020/4/12 16:35
4/12/2020 16:50:3,31,2020/4/12 16:35
4/12/2020 17:0:23,27,2020/4/12 16:52
4/12/2020 17:10:33,40,2020/4/12 17:07
4/12/2020 17:20:43,42,2020/4/12 17:20
4/12/2020 17:30:4,45,2020/4/12 17:29
4/12/2020 17:40:14,45,2020/4/12 17:29
4/12/2020 17:50:25,45,2020/4/12 17:29
4/12/2020 18:0:42,45,2020/4/12 17:29
4/12/2020 18:10:3,45,2020/4/12 17:29
4/12/2020 18:20:13,45,2020/4/12 17:29
4/12/2020 18:30:24,41,2020/4/12 18:25
4/12/2020 18:40:34,31,2020/4/12 18:34
4/12/2020 18:50:49,26,2020/4/12 18:45
4/12/2020 19:0:7,26,2020/4/12 18:45
4/12/2020 19:10:17,31,2020/4/12 19:01
4/12/2020 19:20:25,31,2020/4/12 19:01
4/12/2020 19:30:36,36,2020/4/12 19:21
4/12/2020 19:40:5,32,2020/4/12 19:32
4/12/2020 19:50:15,32,2020/4/12 19:32
4/12/2020 20:0:26,36,2020/4/12 19:59
4/12/2020 20:10:35,36,2020/4/12 19:59
4/12/2020 20:20:44,36,2020/4/12 19:59
4/12/2020 20:30:8,38,2020/4/12 20:29
4/12/2020 20:40:10,45,2020/4/12 20:36
4/12/2020 20:50:18,45,2020/4/12 20:36
4/12/2020 21:0:29,38,2020/4/12 20:52
4/12/2020 21:10:39,38,2020/4/12 20:52
4/12/2020 21:20:1,38,2020/4/12 20:52
4/12/2020 21:30:10,38,2020/4/12 20:52
4/12/2020 21:40:21,15,2020/4/12 21:39
4/12/2020 21:50:29,15,2020/4/12 21:39
4/12/2020 22:0:29,15,2020/4/12 21:39
